Date,Location,WindGustSpeed
15/01/2013,Albury,30
15/03/2013,Albury,22
15/04/2013,Albury,30
15/05/2013,Albury,39
15/06/2013,Albury,17
15/07/2013,Albury,37
15/08/2013,Albury,20
15/09/2013,Albury,50
15/10/2013,Albury,30
15/11/2013,Albury,35
15/12/2013,Albury,41
15/01/2014,Albury,28
15/02/2014,Albury,20
15/03/2014,Albury,63
15/04/2014,Albury,50
15/05/2014,Albury,15
15/06/2014,Albury,35
15/07/2014,Albury,24
15/08/2014,Albury,19
15/09/2014,Albury,28
15/10/2014,Albury,22
15/11/2014,Albury,37
15/12/2014,Albury,39
15/01/2015,Albury,43
15/02/2015,Albury,24
15/03/2015,Albury,37
15/04/2015,Albury,39
15/05/2015,Albury,15
15/06/2015,Albury,17
15/07/2015,Albury,30
15/08/2015,Albury,17
15/09/2015,Albury,54
15/10/2015,Albury,39
15/11/2015,Albury,31
15/12/2015,Albury,24
15/01/2016,Albury,46
15/02/2016,Albury,41
15/03/2016,Albury,33
15/04/2016,Albury,17
15/05/2016,Albury,30
15/06/2016,Albury,15
15/07/2016,Albury,20
15/08/2016,Albury,19
15/09/2016,Albury,39
15/10/2016,Albury,35
15/11/2016,Albury,33
15/12/2016,Albury,33
15/01/2017,Albury,26
15/02/2017,Albury,31
15/03/2017,Albury,44
15/04/2017,Albury,33
15/05/2017,Albury,17
15/06/2017,Albury,17
15/01/2013,BadgerysCreek,37
15/03/2013,BadgerysCreek,20
15/04/2013,BadgerysCreek,26
15/05/2013,BadgerysCreek,41
15/06/2013,BadgerysCreek,48
15/07/2013,BadgerysCreek,7
15/08/2013,BadgerysCreek,52
15/09/2013,BadgerysCreek,31
15/10/2013,BadgerysCreek,28
15/11/2013,BadgerysCreek,41
15/12/2013,BadgerysCreek,35
15/01/2014,BadgerysCreek,35
15/02/2014,BadgerysCreek,28
15/03/2014,BadgerysCreek,78
15/04/2014,BadgerysCreek,37
15/05/2014,BadgerysCreek,13
15/06/2014,BadgerysCreek,56
15/07/2014,BadgerysCreek,11
15/08/2014,BadgerysCreek,26
15/09/2014,BadgerysCreek,28
15/10/2014,BadgerysCreek,57
15/11/2014,BadgerysCreek,30
15/12/2014,BadgerysCreek,28
15/01/2015,BadgerysCreek,33
15/02/2015,BadgerysCreek,28
15/03/2015,BadgerysCreek,48
15/04/2015,BadgerysCreek,50
15/05/2015,BadgerysCreek,33
15/06/2015,BadgerysCreek,15
15/07/2015,BadgerysCreek,15
15/08/2015,BadgerysCreek,22
15/09/2015,BadgerysCreek,63
15/10/2015,BadgerysCreek,24
15/11/2015,BadgerysCreek,NA
15/12/2015,BadgerysCreek,39
15/01/2016,BadgerysCreek,43
15/02/2016,BadgerysCreek,31
15/03/2016,BadgerysCreek,31
15/04/2016,BadgerysCreek,24
15/05/2016,BadgerysCreek,20
15/06/2016,BadgerysCreek,20
15/07/2016,BadgerysCreek,19
15/08/2016,BadgerysCreek,24
15/09/2016,BadgerysCreek,NA
15/10/2016,BadgerysCreek,26
15/11/2016,BadgerysCreek,30
15/12/2016,BadgerysCreek,NA
15/01/2017,BadgerysCreek,37
15/02/2017,BadgerysCreek,31
15/03/2017,BadgerysCreek,43
15/04/2017,BadgerysCreek,26
15/05/2017,BadgerysCreek,35
15/06/2017,BadgerysCreek,11
15/01/2013,Cobar,52
15/03/2013,Cobar,33
15/04/2013,Cobar,39
15/05/2013,Cobar,30
15/06/2013,Cobar,33
15/07/2013,Cobar,56
15/08/2013,Cobar,31
15/09/2013,Cobar,39
15/10/2013,Cobar,22
15/11/2013,Cobar,35
15/12/2013,Cobar,33
15/01/2014,Cobar,39
15/02/2014,Cobar,69
15/03/2014,Cobar,46
15/04/2014,Cobar,30
15/05/2014,Cobar,26
15/06/2014,Cobar,31
15/07/2014,Cobar,35
15/08/2014,Cobar,43
15/09/2014,Cobar,72
15/10/2014,Cobar,52
15/11/2014,Cobar,54
15/12/2014,Cobar,37
15/01/2015,Cobar,37
15/02/2015,Cobar,37
15/03/2015,Cobar,43
15/04/2015,Cobar,30
15/05/2015,Cobar,52
15/06/2015,Cobar,31
15/07/2015,Cobar,31
15/08/2015,Cobar,30
15/09/2015,Cobar,30
15/10/2015,Cobar,43
15/11/2015,Cobar,48
15/12/2015,Cobar,37
15/01/2016,Cobar,46
15/02/2016,Cobar,44
15/03/2016,Cobar,44
15/04/2016,Cobar,33
15/05/2016,Cobar,28
15/06/2016,Cobar,24
15/07/2016,Cobar,33
15/08/2016,Cobar,24
15/09/2016,Cobar,35
15/10/2016,Cobar,35
15/11/2016,Cobar,41
15/12/2016,Cobar,37
15/01/2017,Cobar,37
15/02/2017,Cobar,31
15/03/2017,Cobar,46
15/04/2017,Cobar,26
15/05/2017,Cobar,28
15/06/2017,Cobar,19
15/01/2013,CoffsHarbour,31
15/03/2013,CoffsHarbour,43
15/04/2013,CoffsHarbour,31
15/05/2013,CoffsHarbour,20
15/06/2013,CoffsHarbour,33
15/07/2013,CoffsHarbour,24
15/08/2013,CoffsHarbour,52
15/09/2013,CoffsHarbour,39
15/10/2013,CoffsHarbour,31
15/11/2013,CoffsHarbour,28
15/12/2013,CoffsHarbour,48
15/01/2014,CoffsHarbour,33
15/02/2014,CoffsHarbour,33
15/03/2014,CoffsHarbour,43
15/04/2014,CoffsHarbour,43
15/05/2014,CoffsHarbour,NA
15/06/2014,CoffsHarbour,NA
15/07/2014,CoffsHarbour,NA
15/08/2014,CoffsHarbour,NA
15/09/2014,CoffsHarbour,NA
15/10/2014,CoffsHarbour,NA
15/11/2014,CoffsHarbour,NA
15/12/2014,CoffsHarbour,NA
15/01/2015,CoffsHarbour,NA
15/02/2015,CoffsHarbour,35
15/03/2015,CoffsHarbour,57
15/04/2015,CoffsHarbour,31
15/05/2015,CoffsHarbour,57
15/06/2015,CoffsHarbour,24
15/07/2015,CoffsHarbour,20
15/08/2015,CoffsHarbour,37
15/09/2015,CoffsHarbour,NA
15/10/2015,CoffsHarbour,33
15/11/2015,CoffsHarbour,NA
15/12/2015,CoffsHarbour,50
15/01/2016,CoffsHarbour,59
15/02/2016,CoffsHarbour,30
15/03/2016,CoffsHarbour,33
15/04/2016,CoffsHarbour,26
15/05/2016,CoffsHarbour,30
15/06/2016,CoffsHarbour,30
15/07/2016,CoffsHarbour,24
15/08/2016,CoffsHarbour,31
15/09/2016,CoffsHarbour,NA
15/10/2016,CoffsHarbour,41
15/11/2016,CoffsHarbour,44
15/12/2016,CoffsHarbour,43
15/01/2017,CoffsHarbour,54
15/02/2017,CoffsHarbour,37
15/03/2017,CoffsHarbour,39
15/04/2017,CoffsHarbour,20
15/05/2017,CoffsHarbour,33
15/06/2017,CoffsHarbour,28
15/01/2013,Moree,50
15/03/2013,Moree,33
15/04/2013,Moree,26
15/05/2013,Moree,26
15/06/2013,Moree,35
15/07/2013,Moree,35
15/08/2013,Moree,52
15/09/2013,Moree,31
15/10/2013,Moree,31
15/11/2013,Moree,57
15/12/2013,Moree,50
15/01/2014,Moree,46
15/02/2014,Moree,41
15/03/2014,Moree,35
15/04/2014,Moree,30
15/05/2014,Moree,30
15/06/2014,Moree,35
15/07/2014,Moree,37
15/08/2014,Moree,35
15/09/2014,Moree,33
15/10/2014,Moree,44
15/11/2014,Moree,52
15/12/2014,Moree,46
15/01/2015,Moree,46
15/02/2015,Moree,74
15/03/2015,Moree,52
15/04/2015,Moree,35
15/05/2015,Moree,28
15/06/2015,Moree,39
15/07/2015,Moree,31
15/08/2015,Moree,17
15/09/2015,Moree,48
15/10/2015,Moree,31
15/11/2015,Moree,48
15/12/2015,Moree,52
15/01/2016,Moree,56
15/02/2016,Moree,48
15/03/2016,Moree,46
15/04/2016,Moree,41
15/05/2016,Moree,26
15/06/2016,Moree,30
15/07/2016,Moree,22
15/08/2016,Moree,NA
15/09/2016,Moree,30
15/10/2016,Moree,30
15/11/2016,Moree,39
15/12/2016,Moree,56
15/01/2017,Moree,54
15/02/2017,Moree,50
15/03/2017,Moree,59
15/04/2017,Moree,31
15/05/2017,Moree,43
15/06/2017,Moree,31
15/01/2013,Newcastle,NA
15/03/2013,Newcastle,NA
15/04/2013,Newcastle,NA
15/05/2013,Newcastle,NA
15/06/2013,Newcastle,NA
15/07/2013,Newcastle,NA
15/08/2013,Newcastle,NA
15/09/2013,Newcastle,NA
15/10/2013,Newcastle,NA
15/11/2013,Newcastle,NA
15/12/2013,Newcastle,NA
15/01/2014,Newcastle,NA
15/02/2014,Newcastle,NA
15/03/2014,Newcastle,NA
15/04/2014,Newcastle,NA
15/05/2014,Newcastle,NA
15/06/2014,Newcastle,NA
15/07/2014,Newcastle,NA
15/08/2014,Newcastle,NA
15/09/2014,Newcastle,NA
15/10/2014,Newcastle,NA
15/11/2014,Newcastle,NA
15/12/2014,Newcastle,NA
15/01/2015,Newcastle,NA
15/02/2015,Newcastle,NA
15/03/2015,Newcastle,NA
15/04/2015,Newcastle,NA
15/05/2015,Newcastle,NA
15/06/2015,Newcastle,NA
15/07/2015,Newcastle,NA
15/08/2015,Newcastle,NA
15/09/2015,Newcastle,NA
15/10/2015,Newcastle,NA
15/11/2015,Newcastle,NA
15/12/2015,Newcastle,NA
15/01/2016,Newcastle,NA
15/02/2016,Newcastle,NA
15/03/2016,Newcastle,NA
15/04/2016,Newcastle,NA
15/05/2016,Newcastle,NA
15/06/2016,Newcastle,NA
15/07/2016,Newcastle,NA
15/08/2016,Newcastle,NA
15/09/2016,Newcastle,NA
15/10/2016,Newcastle,NA
15/11/2016,Newcastle,NA
15/12/2016,Newcastle,NA
15/01/2017,Newcastle,NA
15/02/2017,Newcastle,NA
15/03/2017,Newcastle,NA
15/04/2017,Newcastle,NA
15/05/2017,Newcastle,NA
15/06/2017,Newcastle,NA
15/01/2013,NorahHead,44
15/03/2013,NorahHead,46
15/04/2013,NorahHead,33
15/05/2013,NorahHead,30
15/06/2013,NorahHead,44
15/07/2013,NorahHead,28
15/08/2013,NorahHead,48
15/09/2013,NorahHead,30
15/10/2013,NorahHead,48
15/11/2013,NorahHead,43
15/12/2013,NorahHead,28
15/01/2014,NorahHead,56
15/02/2014,NorahHead,44
15/03/2014,NorahHead,33
15/04/2014,NorahHead,61
15/05/2014,NorahHead,28
15/06/2014,NorahHead,43
15/07/2014,NorahHead,22
15/08/2014,NorahHead,28
15/09/2014,NorahHead,39
15/10/2014,NorahHead,102
15/11/2014,NorahHead,54
15/12/2014,NorahHead,33
15/01/2015,NorahHead,39
15/02/2015,NorahHead,46
15/03/2015,NorahHead,74
15/04/2015,NorahHead,52
15/05/2015,NorahHead,61
15/06/2015,NorahHead,54
15/07/2015,NorahHead,20
15/08/2015,NorahHead,39
15/09/2015,NorahHead,NA
15/10/2015,NorahHead,44
15/11/2015,NorahHead,63
15/12/2015,NorahHead,43
15/01/2016,NorahHead,74
15/02/2016,NorahHead,48
15/03/2016,NorahHead,52
15/04/2016,NorahHead,43
15/05/2016,NorahHead,26
15/06/2016,NorahHead,24
15/07/2016,NorahHead,22
15/08/2016,NorahHead,33
15/09/2016,NorahHead,44
15/10/2016,NorahHead,52
15/11/2016,NorahHead,52
15/12/2016,NorahHead,46
15/01/2017,NorahHead,35
15/02/2017,NorahHead,43
15/03/2017,NorahHead,48
15/04/2017,NorahHead,30
15/05/2017,NorahHead,50
15/06/2017,NorahHead,22
15/01/2013,NorfolkIsland,44
15/03/2013,NorfolkIsland,37
15/04/2013,NorfolkIsland,72
15/05/2013,NorfolkIsland,28
15/06/2013,NorfolkIsland,70
15/07/2013,NorfolkIsland,48
15/08/2013,NorfolkIsland,48
15/09/2013,NorfolkIsland,52
15/10/2013,NorfolkIsland,59
15/11/2013,NorfolkIsland,39
15/12/2013,NorfolkIsland,33
15/01/2014,NorfolkIsland,43
15/02/2014,NorfolkIsland,33
15/03/2014,NorfolkIsland,56
15/04/2014,NorfolkIsland,37
15/05/2014,NorfolkIsland,43
15/06/2014,NorfolkIsland,48
15/07/2014,NorfolkIsland,61
15/08/2014,NorfolkIsland,44
15/09/2014,NorfolkIsland,22
15/10/2014,NorfolkIsland,37
15/11/2014,NorfolkIsland,35
15/12/2014,NorfolkIsland,63
15/01/2015,NorfolkIsland,30
15/02/2015,NorfolkIsland,52
15/03/2015,NorfolkIsland,52
15/04/2015,NorfolkIsland,35
15/05/2015,NorfolkIsland,72
15/06/2015,NorfolkIsland,24
15/07/2015,NorfolkIsland,33
15/08/2015,NorfolkIsland,48
15/09/2015,NorfolkIsland,39
15/10/2015,NorfolkIsland,50
15/11/2015,NorfolkIsland,46
15/12/2015,NorfolkIsland,41
15/01/2016,NorfolkIsland,31
15/02/2016,NorfolkIsland,56
15/03/2016,NorfolkIsland,46
15/04/2016,NorfolkIsland,41
15/05/2016,NorfolkIsland,37
15/06/2016,NorfolkIsland,41
15/07/2016,NorfolkIsland,39
15/08/2016,NorfolkIsland,56
15/09/2016,NorfolkIsland,37
15/10/2016,NorfolkIsland,37
15/11/2016,NorfolkIsland,56
15/12/2016,NorfolkIsland,30
15/01/2017,NorfolkIsland,24
15/02/2017,NorfolkIsland,28
15/03/2017,NorfolkIsland,43
15/04/2017,NorfolkIsland,31
15/05/2017,NorfolkIsland,61
15/06/2017,NorfolkIsland,39
15/01/2013,Penrith,26
15/03/2013,Penrith,17
15/04/2013,Penrith,24
15/05/2013,Penrith,41
15/06/2013,Penrith,39
15/07/2013,Penrith,7
15/08/2013,Penrith,46
15/09/2013,Penrith,30
15/10/2013,Penrith,26
15/11/2013,Penrith,39
15/12/2013,Penrith,35
15/01/2014,Penrith,30
15/02/2014,Penrith,20
15/03/2014,Penrith,57
15/04/2014,Penrith,26
15/05/2014,Penrith,11
15/06/2014,Penrith,52
15/07/2014,Penrith,13
15/08/2014,Penrith,22
15/09/2014,Penrith,28
15/10/2014,Penrith,44
15/11/2014,Penrith,22
15/12/2014,Penrith,28
15/01/2015,Penrith,30
15/02/2015,Penrith,35
15/03/2015,Penrith,43
15/04/2015,Penrith,63
15/05/2015,Penrith,31
15/06/2015,Penrith,17
15/07/2015,Penrith,15
15/08/2015,Penrith,22
15/09/2015,Penrith,65
15/10/2015,Penrith,26
15/11/2015,Penrith,26
15/12/2015,Penrith,48
15/01/2016,Penrith,52
15/02/2016,Penrith,NA
15/03/2016,Penrith,28
15/04/2016,Penrith,22
15/05/2016,Penrith,28
15/06/2016,Penrith,15
15/07/2016,Penrith,13
15/08/2016,Penrith,22
15/09/2016,Penrith,69
15/10/2016,Penrith,33
15/11/2016,Penrith,28
15/12/2016,Penrith,28
15/01/2017,Penrith,31
15/02/2017,Penrith,31
15/03/2017,Penrith,28
15/04/2017,Penrith,24
15/05/2017,Penrith,28
15/06/2017,Penrith,11
15/01/2013,Richmond,37
15/03/2013,Richmond,26
15/04/2013,Richmond,24
15/05/2013,Richmond,41
15/06/2013,Richmond,41
15/07/2013,Richmond,17
15/08/2013,Richmond,56
15/09/2013,Richmond,31
15/10/2013,Richmond,31
15/11/2013,Richmond,50
15/12/2013,Richmond,37
15/01/2014,Richmond,35
15/02/2014,Richmond,26
15/03/2014,Richmond,NA
15/04/2014,Richmond,28
15/05/2014,Richmond,17
15/06/2014,Richmond,46
15/07/2014,Richmond,15
15/08/2014,Richmond,28
15/09/2014,Richmond,30
15/10/2014,Richmond,46
15/11/2014,Richmond,33
15/12/2014,Richmond,31
15/01/2015,Richmond,39
15/02/2015,Richmond,39
15/03/2015,Richmond,46
15/04/2015,Richmond,44
15/05/2015,Richmond,39
15/06/2015,Richmond,13
15/07/2015,Richmond,22
15/08/2015,Richmond,26
15/09/2015,Richmond,67
15/10/2015,Richmond,31
15/11/2015,Richmond,31
15/12/2015,Richmond,43
15/01/2016,Richmond,50
15/02/2016,Richmond,28
15/03/2016,Richmond,30
15/04/2016,Richmond,24
15/05/2016,Richmond,26
15/06/2016,Richmond,15
15/07/2016,Richmond,17
15/08/2016,Richmond,26
15/09/2016,Richmond,57
15/10/2016,Richmond,35
15/11/2016,Richmond,30
15/12/2016,Richmond,31
15/01/2017,Richmond,35
15/02/2017,Richmond,33
15/03/2017,Richmond,35
15/04/2017,Richmond,31
15/05/2017,Richmond,30
15/06/2017,Richmond,17
15/01/2013,Sydney,41
15/03/2013,Sydney,43
15/04/2013,Sydney,37
15/05/2013,Sydney,46
15/06/2013,Sydney,43
15/07/2013,Sydney,33
15/08/2013,Sydney,57
15/09/2013,Sydney,33
15/10/2013,Sydney,33
15/11/2013,Sydney,69
15/12/2013,Sydney,30
15/01/2014,Sydney,56
15/02/2014,Sydney,26
15/03/2014,Sydney,91
15/04/2014,Sydney,50
15/05/2014,Sydney,24
15/06/2014,Sydney,54
15/07/2014,Sydney,22
15/08/2014,Sydney,28
15/09/2014,Sydney,30
15/10/2014,Sydney,78
15/11/2014,Sydney,39
15/12/2014,Sydney,41
15/01/2015,Sydney,35
15/02/2015,Sydney,37
15/03/2015,Sydney,70
15/04/2015,Sydney,46
15/05/2015,Sydney,48
15/06/2015,Sydney,39
15/07/2015,Sydney,24
15/08/2015,Sydney,30
15/09/2015,Sydney,NA
15/10/2015,Sydney,44
15/11/2015,Sydney,46
15/12/2015,Sydney,43
15/01/2016,Sydney,54
15/02/2016,Sydney,31
15/03/2016,Sydney,44
15/04/2016,Sydney,33
15/05/2016,Sydney,30
15/06/2016,Sydney,26
15/07/2016,Sydney,31
15/08/2016,Sydney,30
15/09/2016,Sydney,NA
15/10/2016,Sydney,50
15/11/2016,Sydney,39
15/12/2016,Sydney,46
15/01/2017,Sydney,33
15/02/2017,Sydney,37
15/03/2017,Sydney,54
15/04/2017,Sydney,26
15/05/2017,Sydney,43
15/06/2017,Sydney,22
15/01/2013,SydneyAirport,48
15/03/2013,SydneyAirport,50
15/04/2013,SydneyAirport,52
15/05/2013,SydneyAirport,57
15/06/2013,SydneyAirport,59
15/07/2013,SydneyAirport,28
15/08/2013,SydneyAirport,56
15/09/2013,SydneyAirport,30
15/10/2013,SydneyAirport,41
15/11/2013,SydneyAirport,50
15/12/2013,SydneyAirport,37
15/01/2014,SydneyAirport,65
15/02/2014,SydneyAirport,35
15/03/2014,SydneyAirport,50
15/04/2014,SydneyAirport,52
15/05/2014,SydneyAirport,24
15/06/2014,SydneyAirport,56
15/07/2014,SydneyAirport,26
15/08/2014,SydneyAirport,31
15/09/2014,SydneyAirport,37
15/10/2014,SydneyAirport,102
15/11/2014,SydneyAirport,48
15/12/2014,SydneyAirport,44
15/01/2015,SydneyAirport,39
15/02/2015,SydneyAirport,39
15/03/2015,SydneyAirport,69
15/04/2015,SydneyAirport,46
15/05/2015,SydneyAirport,50
15/06/2015,SydneyAirport,37
15/07/2015,SydneyAirport,22
15/08/2015,SydneyAirport,37
15/09/2015,SydneyAirport,67
15/10/2015,SydneyAirport,54
15/11/2015,SydneyAirport,54
15/12/2015,SydneyAirport,50
15/01/2016,SydneyAirport,69
15/02/2016,SydneyAirport,35
15/03/2016,SydneyAirport,54
15/04/2016,SydneyAirport,39
15/05/2016,SydneyAirport,33
15/06/2016,SydneyAirport,22
15/07/2016,SydneyAirport,31
15/08/2016,SydneyAirport,31
15/09/2016,SydneyAirport,69
15/10/2016,SydneyAirport,56
15/11/2016,SydneyAirport,46
15/12/2016,SydneyAirport,44
15/01/2017,SydneyAirport,39
15/02/2017,SydneyAirport,46
15/03/2017,SydneyAirport,50
15/04/2017,SydneyAirport,28
15/05/2017,SydneyAirport,50
15/06/2017,SydneyAirport,37
15/01/2013,WaggaWagga,35
15/03/2013,WaggaWagga,28
15/04/2013,WaggaWagga,33
15/05/2013,WaggaWagga,35
15/06/2013,WaggaWagga,37
15/07/2013,WaggaWagga,24
15/08/2013,WaggaWagga,26
15/09/2013,WaggaWagga,22
15/10/2013,WaggaWagga,33
15/11/2013,WaggaWagga,33
15/12/2013,WaggaWagga,39
15/01/2014,WaggaWagga,31
15/02/2014,WaggaWagga,46
15/03/2014,WaggaWagga,78
15/04/2014,WaggaWagga,19
15/05/2014,WaggaWagga,19
15/06/2014,WaggaWagga,35
15/07/2014,WaggaWagga,33
15/08/2014,WaggaWagga,30
15/09/2014,WaggaWagga,48
15/10/2014,WaggaWagga,35
15/11/2014,WaggaWagga,35
15/12/2014,WaggaWagga,63
15/01/2015,WaggaWagga,43
15/02/2015,WaggaWagga,35
15/03/2015,WaggaWagga,50
15/04/2015,WaggaWagga,41
15/05/2015,WaggaWagga,19
15/06/2015,WaggaWagga,37
15/07/2015,WaggaWagga,26
15/08/2015,WaggaWagga,13
15/09/2015,WaggaWagga,48
15/10/2015,WaggaWagga,30
15/11/2015,WaggaWagga,31
15/12/2015,WaggaWagga,35
15/01/2016,WaggaWagga,41
15/02/2016,WaggaWagga,50
15/03/2016,WaggaWagga,41
15/04/2016,WaggaWagga,35
15/05/2016,WaggaWagga,31
15/06/2016,WaggaWagga,17
15/07/2016,WaggaWagga,33
15/08/2016,WaggaWagga,19
15/09/2016,WaggaWagga,44
15/10/2016,WaggaWagga,31
15/11/2016,WaggaWagga,39
15/12/2016,WaggaWagga,46
15/01/2017,WaggaWagga,31
15/02/2017,WaggaWagga,37
15/03/2017,WaggaWagga,57
15/04/2017,WaggaWagga,35
15/05/2017,WaggaWagga,17
15/06/2017,WaggaWagga,17
15/01/2013,Williamtown,41
15/03/2013,Williamtown,33
15/04/2013,Williamtown,NA
15/05/2013,Williamtown,54
15/06/2013,Williamtown,50
15/07/2013,Williamtown,15
15/08/2013,Williamtown,52
15/09/2013,Williamtown,35
15/10/2013,Williamtown,35
15/11/2013,Williamtown,44
15/12/2013,Williamtown,37
15/01/2014,Williamtown,43
15/02/2014,Williamtown,35
15/03/2014,Williamtown,26
15/04/2014,Williamtown,41
15/05/2014,Williamtown,20
15/06/2014,Williamtown,67
15/07/2014,Williamtown,26
15/08/2014,Williamtown,31
15/09/2014,Williamtown,31
15/10/2014,Williamtown,63
15/11/2014,Williamtown,50
15/12/2014,Williamtown,39
15/01/2015,Williamtown,46
15/02/2015,Williamtown,41
15/03/2015,Williamtown,61
15/04/2015,Williamtown,39
15/05/2015,Williamtown,54
15/06/2015,Williamtown,31
15/07/2015,Williamtown,63
15/08/2015,Williamtown,30
15/09/2015,Williamtown,59
15/10/2015,Williamtown,28
15/11/2015,Williamtown,48
15/12/2015,Williamtown,39
15/01/2016,Williamtown,59
15/02/2016,Williamtown,46
15/03/2016,Williamtown,46
15/04/2016,Williamtown,31
15/05/2016,Williamtown,48
15/06/2016,Williamtown,30
15/07/2016,Williamtown,33
15/08/2016,Williamtown,31
15/09/2016,Williamtown,NA
15/10/2016,Williamtown,31
15/11/2016,Williamtown,31
15/12/2016,Williamtown,43
15/01/2017,Williamtown,35
15/02/2017,Williamtown,44
15/03/2017,Williamtown,52
15/04/2017,Williamtown,35
15/05/2017,Williamtown,39
15/06/2017,Williamtown,24
15/01/2013,Wollongong,33
15/03/2013,Wollongong,39
15/04/2013,Wollongong,39
15/05/2013,Wollongong,50
15/06/2013,Wollongong,57
15/07/2013,Wollongong,26
15/08/2013,Wollongong,59
15/09/2013,Wollongong,30
15/10/2013,Wollongong,26
15/11/2013,Wollongong,39
15/12/2013,Wollongong,41
15/01/2014,Wollongong,52
15/02/2014,Wollongong,35
15/03/2014,Wollongong,70
15/04/2014,Wollongong,57
15/05/2014,Wollongong,33
15/06/2014,Wollongong,65
15/07/2014,Wollongong,33
15/08/2014,Wollongong,24
15/09/2014,Wollongong,28
15/10/2014,Wollongong,89
15/11/2014,Wollongong,37
15/12/2014,Wollongong,39
15/01/2015,Wollongong,57
15/02/2015,Wollongong,31
15/03/2015,Wollongong,72
15/04/2015,Wollongong,52
15/05/2015,Wollongong,48
15/06/2015,Wollongong,46
15/07/2015,Wollongong,30
15/08/2015,Wollongong,30
15/09/2015,Wollongong,69
15/10/2015,Wollongong,48
15/11/2015,Wollongong,50
15/12/2015,Wollongong,30
15/01/2016,Wollongong,67
15/02/2016,Wollongong,39
15/03/2016,Wollongong,50
15/04/2016,Wollongong,44
15/05/2016,Wollongong,43
15/06/2016,Wollongong,20
15/07/2016,Wollongong,37
15/08/2016,Wollongong,39
15/09/2016,Wollongong,70
15/10/2016,Wollongong,52
15/11/2016,Wollongong,37
15/12/2016,Wollongong,41
15/01/2017,Wollongong,37
15/02/2017,Wollongong,43
15/03/2017,Wollongong,54
15/04/2017,Wollongong,24
15/05/2017,Wollongong,44
15/06/2017,Wollongong,22
15/01/2013,Canberra,33
15/03/2013,Canberra,28
15/04/2013,Canberra,33
15/05/2013,Canberra,46
15/06/2013,Canberra,43
15/07/2013,Canberra,30
15/08/2013,Canberra,33
15/09/2013,Canberra,26
15/10/2013,Canberra,57
15/11/2013,Canberra,48
15/12/2013,Canberra,52
15/01/2014,Canberra,39
15/02/2014,Canberra,74
15/03/2014,Canberra,70
15/04/2014,Canberra,31
15/05/2014,Canberra,31
15/06/2014,Canberra,48
15/07/2014,Canberra,30
15/08/2014,Canberra,30
15/09/2014,Canberra,28
15/10/2014,Canberra,59
15/11/2014,Canberra,41
15/12/2014,Canberra,37
15/01/2015,Canberra,48
15/02/2015,Canberra,39
15/03/2015,Canberra,41
15/04/2015,Canberra,26
15/05/2015,Canberra,26
15/06/2015,Canberra,35
15/07/2015,Canberra,30
15/08/2015,Canberra,19
15/09/2015,Canberra,78
15/10/2015,Canberra,50
15/11/2015,Canberra,41
15/12/2015,Canberra,37
15/01/2016,Canberra,52
15/02/2016,Canberra,46
15/03/2016,Canberra,37
15/04/2016,Canberra,31
15/05/2016,Canberra,54
15/06/2016,Canberra,17
15/07/2016,Canberra,30
15/08/2016,Canberra,22
15/09/2016,Canberra,69
15/10/2016,Canberra,44
15/11/2016,Canberra,31
15/12/2016,Canberra,30
15/01/2017,Canberra,52
15/02/2017,Canberra,43
15/03/2017,Canberra,46
15/04/2017,Canberra,26
15/05/2017,Canberra,35
15/06/2017,Canberra,11
15/01/2013,Tuggeranong,30
15/03/2013,Tuggeranong,30
15/04/2013,Tuggeranong,30
15/05/2013,Tuggeranong,31
15/06/2013,Tuggeranong,41
15/07/2013,Tuggeranong,22
15/08/2013,Tuggeranong,50
15/09/2013,Tuggeranong,28
15/10/2013,Tuggeranong,44
15/11/2013,Tuggeranong,50
15/12/2013,Tuggeranong,44
15/01/2014,Tuggeranong,NA
15/02/2014,Tuggeranong,39
15/03/2014,Tuggeranong,50
15/04/2014,Tuggeranong,39
15/05/2014,Tuggeranong,24
15/06/2014,Tuggeranong,50
15/07/2014,Tuggeranong,19
15/08/2014,Tuggeranong,20
15/09/2014,Tuggeranong,26
15/10/2014,Tuggeranong,54
15/11/2014,Tuggeranong,41
15/12/2014,Tuggeranong,35
15/01/2015,Tuggeranong,37
15/02/2015,Tuggeranong,22
15/03/2015,Tuggeranong,41
15/04/2015,Tuggeranong,19
15/05/2015,Tuggeranong,28
15/06/2015,Tuggeranong,26
15/07/2015,Tuggeranong,26
15/08/2015,Tuggeranong,41
15/09/2015,Tuggeranong,NA
15/10/2015,Tuggeranong,39
15/11/2015,Tuggeranong,35
15/12/2015,Tuggeranong,43
15/01/2016,Tuggeranong,46
15/02/2016,Tuggeranong,43
15/03/2016,Tuggeranong,31
15/04/2016,Tuggeranong,30
15/05/2016,Tuggeranong,54
15/06/2016,Tuggeranong,17
15/07/2016,Tuggeranong,15
15/08/2016,Tuggeranong,24
15/09/2016,Tuggeranong,NA
15/10/2016,Tuggeranong,43
15/11/2016,Tuggeranong,24
15/12/2016,Tuggeranong,22
15/01/2017,Tuggeranong,43
15/02/2017,Tuggeranong,37
15/03/2017,Tuggeranong,35
15/04/2017,Tuggeranong,33
15/05/2017,Tuggeranong,30
15/06/2017,Tuggeranong,13
15/01/2013,MountGinini,30
15/03/2013,MountGinini,26
15/04/2013,MountGinini,50
15/05/2013,MountGinini,69
15/06/2013,MountGinini,76
15/07/2013,MountGinini,50
15/08/2013,MountGinini,65
15/09/2013,MountGinini,31
15/10/2013,MountGinini,50
15/11/2013,MountGinini,28
15/12/2013,MountGinini,28
15/01/2014,MountGinini,35
15/02/2014,MountGinini,48
15/03/2014,MountGinini,56
15/04/2014,MountGinini,33
15/05/2014,MountGinini,31
15/06/2014,MountGinini,72
15/07/2014,MountGinini,54
15/08/2014,MountGinini,26
15/09/2014,MountGinini,39
15/10/2014,MountGinini,65
15/11/2014,MountGinini,59
15/12/2014,MountGinini,33
15/01/2015,MountGinini,37
15/02/2015,MountGinini,37
15/03/2015,MountGinini,46
15/04/2015,MountGinini,54
15/05/2015,MountGinini,43
15/06/2015,MountGinini,54
15/07/2015,MountGinini,26
15/08/2015,MountGinini,24
15/09/2015,MountGinini,76
15/10/2015,MountGinini,52
15/11/2015,MountGinini,35
15/12/2015,MountGinini,46
15/01/2016,MountGinini,44
15/02/2016,MountGinini,43
15/03/2016,MountGinini,46
15/04/2016,MountGinini,39
15/05/2016,MountGinini,63
15/06/2016,MountGinini,22
15/07/2016,MountGinini,52
15/08/2016,MountGinini,33
15/09/2016,MountGinini,63
15/10/2016,MountGinini,54
15/11/2016,MountGinini,33
15/12/2016,MountGinini,30
15/01/2017,MountGinini,28
15/02/2017,MountGinini,37
15/03/2017,MountGinini,69
15/04/2017,MountGinini,35
15/05/2017,MountGinini,26
15/06/2017,MountGinini,28
15/01/2013,Ballarat,39
15/03/2013,Ballarat,37
15/04/2013,Ballarat,35
15/05/2013,Ballarat,65
15/06/2013,Ballarat,37
15/07/2013,Ballarat,30
15/08/2013,Ballarat,48
15/09/2013,Ballarat,44
15/10/2013,Ballarat,50
15/11/2013,Ballarat,39
15/12/2013,Ballarat,33
15/01/2014,Ballarat,52
15/02/2014,Ballarat,39
15/03/2014,Ballarat,70
15/04/2014,Ballarat,39
15/05/2014,Ballarat,52
15/06/2014,Ballarat,35
15/07/2014,Ballarat,56
15/08/2014,Ballarat,30
15/09/2014,Ballarat,39
15/10/2014,Ballarat,39
15/11/2014,Ballarat,41
15/12/2014,Ballarat,46
15/01/2015,Ballarat,39
15/02/2015,Ballarat,43
15/03/2015,Ballarat,56
15/04/2015,Ballarat,50
15/05/2015,Ballarat,44
15/06/2015,Ballarat,30
15/07/2015,Ballarat,35
15/08/2015,Ballarat,20
15/09/2015,Ballarat,44
15/10/2015,Ballarat,63
15/11/2015,Ballarat,41
15/12/2015,Ballarat,41
15/01/2016,Ballarat,50
15/02/2016,Ballarat,54
15/03/2016,Ballarat,61
15/04/2016,Ballarat,43
15/05/2016,Ballarat,52
15/06/2016,Ballarat,35
15/07/2016,Ballarat,30
15/08/2016,Ballarat,43
15/09/2016,Ballarat,44
15/10/2016,Ballarat,70
15/11/2016,Ballarat,35
15/12/2016,Ballarat,50
15/01/2017,Ballarat,35
15/02/2017,Ballarat,56
15/03/2017,Ballarat,59
15/04/2017,Ballarat,28
15/05/2017,Ballarat,37
15/06/2017,Ballarat,26
15/01/2013,Bendigo,30
15/03/2013,Bendigo,28
15/04/2013,Bendigo,43
15/05/2013,Bendigo,43
15/06/2013,Bendigo,46
15/07/2013,Bendigo,20
15/08/2013,Bendigo,28
15/09/2013,Bendigo,37
15/10/2013,Bendigo,46
15/11/2013,Bendigo,46
15/12/2013,Bendigo,37
15/01/2014,Bendigo,56
15/02/2014,Bendigo,35
15/03/2014,Bendigo,48
15/04/2014,Bendigo,33
15/05/2014,Bendigo,35
15/06/2014,Bendigo,35
15/07/2014,Bendigo,33
15/08/2014,Bendigo,24
15/09/2014,Bendigo,37
15/10/2014,Bendigo,35
15/11/2014,Bendigo,43
15/12/2014,Bendigo,43
15/01/2015,Bendigo,35
15/02/2015,Bendigo,63
15/03/2015,Bendigo,50
15/04/2015,Bendigo,35
15/05/2015,Bendigo,39
15/06/2015,Bendigo,30
15/07/2015,Bendigo,24
15/08/2015,Bendigo,28
15/09/2015,Bendigo,48
15/10/2015,Bendigo,46
15/11/2015,Bendigo,44
15/12/2015,Bendigo,43
15/01/2016,Bendigo,52
15/02/2016,Bendigo,41
15/03/2016,Bendigo,39
15/04/2016,Bendigo,31
15/05/2016,Bendigo,35
15/06/2016,Bendigo,15
15/07/2016,Bendigo,17
15/08/2016,Bendigo,28
15/09/2016,Bendigo,44
15/10/2016,Bendigo,56
15/11/2016,Bendigo,37
15/12/2016,Bendigo,41
15/01/2017,Bendigo,35
15/02/2017,Bendigo,52
15/03/2017,Bendigo,46
15/04/2017,Bendigo,31
15/05/2017,Bendigo,24
15/06/2017,Bendigo,13
15/01/2013,Sale,43
15/03/2013,Sale,35
15/04/2013,Sale,26
15/05/2013,Sale,52
15/06/2013,Sale,44
15/07/2013,Sale,22
15/08/2013,Sale,72
15/09/2013,Sale,35
15/10/2013,Sale,54
15/11/2013,Sale,39
15/12/2013,Sale,30
15/01/2014,Sale,57
15/02/2014,Sale,31
15/03/2014,Sale,72
15/04/2014,Sale,35
15/05/2014,Sale,41
15/06/2014,Sale,30
15/07/2014,Sale,20
15/08/2014,Sale,20
15/09/2014,Sale,41
15/10/2014,Sale,26
15/11/2014,Sale,24
15/12/2014,Sale,35
15/01/2015,Sale,63
15/02/2015,Sale,39
15/03/2015,Sale,35
15/04/2015,Sale,NA
15/05/2015,Sale,26
15/06/2015,Sale,20
15/07/2015,Sale,30
15/08/2015,Sale,31
15/09/2015,Sale,NA
15/10/2015,Sale,41
15/11/2015,Sale,39
15/12/2015,Sale,39
15/01/2016,Sale,39
15/02/2016,Sale,39
15/03/2016,Sale,54
15/04/2016,Sale,28
15/05/2016,Sale,76
15/06/2016,Sale,20
15/07/2016,Sale,52
15/08/2016,Sale,17
15/09/2016,Sale,NA
15/10/2016,Sale,50
15/11/2016,Sale,57
15/12/2016,Sale,35
15/01/2017,Sale,39
15/02/2017,Sale,37
15/03/2017,Sale,44
15/04/2017,Sale,24
15/05/2017,Sale,NA
15/06/2017,Sale,NA
15/01/2013,MelbourneAirport,46
15/03/2013,MelbourneAirport,35
15/04/2013,MelbourneAirport,37
15/05/2013,MelbourneAirport,59
15/06/2013,MelbourneAirport,41
15/07/2013,MelbourneAirport,43
15/08/2013,MelbourneAirport,54
15/09/2013,MelbourneAirport,44
15/10/2013,MelbourneAirport,48
15/11/2013,MelbourneAirport,44
15/12/2013,MelbourneAirport,48
15/01/2014,MelbourneAirport,70
15/02/2014,MelbourneAirport,37
15/03/2014,MelbourneAirport,76
15/04/2014,MelbourneAirport,35
15/05/2014,MelbourneAirport,81
15/06/2014,MelbourneAirport,41
15/07/2014,MelbourneAirport,57
15/08/2014,MelbourneAirport,33
15/09/2014,MelbourneAirport,26
15/10/2014,MelbourneAirport,35
15/11/2014,MelbourneAirport,35
15/12/2014,MelbourneAirport,33
15/01/2015,MelbourneAirport,39
15/02/2015,MelbourneAirport,44
15/03/2015,MelbourneAirport,46
15/04/2015,MelbourneAirport,70
15/05/2015,MelbourneAirport,33
15/06/2015,MelbourneAirport,31
15/07/2015,MelbourneAirport,24
15/08/2015,MelbourneAirport,26
15/09/2015,MelbourneAirport,52
15/10/2015,MelbourneAirport,67
15/11/2015,MelbourneAirport,33
15/12/2015,MelbourneAirport,37
15/01/2016,MelbourneAirport,48
15/02/2016,MelbourneAirport,57
15/03/2016,MelbourneAirport,44
15/04/2016,MelbourneAirport,46
15/05/2016,MelbourneAirport,56
15/06/2016,MelbourneAirport,43
15/07/2016,MelbourneAirport,31
15/08/2016,MelbourneAirport,56
15/09/2016,MelbourneAirport,57
15/10/2016,MelbourneAirport,81
15/11/2016,MelbourneAirport,39
15/12/2016,MelbourneAirport,48
15/01/2017,MelbourneAirport,37
15/02/2017,MelbourneAirport,63
15/03/2017,MelbourneAirport,65
15/04/2017,MelbourneAirport,24
15/05/2017,MelbourneAirport,22
15/06/2017,MelbourneAirport,31
15/01/2013,Melbourne,46
15/03/2013,Melbourne,35
15/04/2013,Melbourne,37
15/05/2013,Melbourne,59
15/06/2013,Melbourne,41
15/07/2013,Melbourne,43
15/08/2013,Melbourne,54
15/09/2013,Melbourne,44
15/10/2013,Melbourne,48
15/11/2013,Melbourne,44
15/12/2013,Melbourne,48
15/01/2014,Melbourne,70
15/02/2014,Melbourne,37
15/03/2014,Melbourne,76
15/04/2014,Melbourne,35
15/05/2014,Melbourne,81
15/06/2014,Melbourne,41
15/07/2014,Melbourne,57
15/08/2014,Melbourne,33
15/09/2014,Melbourne,26
15/10/2014,Melbourne,35
15/11/2014,Melbourne,35
15/12/2014,Melbourne,33
15/01/2015,Melbourne,39
15/02/2015,Melbourne,44
15/03/2015,Melbourne,46
15/04/2015,Melbourne,70
15/05/2015,Melbourne,33
15/06/2015,Melbourne,31
15/07/2015,Melbourne,24
15/08/2015,Melbourne,26
15/09/2015,Melbourne,52
15/10/2015,Melbourne,67
15/11/2015,Melbourne,33
15/12/2015,Melbourne,37
15/01/2016,Melbourne,48
15/02/2016,Melbourne,57
15/03/2016,Melbourne,44
15/04/2016,Melbourne,46
15/05/2016,Melbourne,33
15/06/2016,Melbourne,19
15/07/2016,Melbourne,20
15/08/2016,Melbourne,41
15/09/2016,Melbourne,37
15/10/2016,Melbourne,59
15/11/2016,Melbourne,24
15/12/2016,Melbourne,41
15/01/2017,Melbourne,30
15/02/2017,Melbourne,48
15/03/2017,Melbourne,52
15/04/2017,Melbourne,17
15/05/2017,Melbourne,24
15/06/2017,Melbourne,20
15/01/2013,Mildura,39
15/03/2013,Mildura,30
15/04/2013,Mildura,35
15/05/2013,Mildura,43
15/06/2013,Mildura,35
15/07/2013,Mildura,20
15/08/2013,Mildura,31
15/09/2013,Mildura,54
15/10/2013,Mildura,35
15/11/2013,Mildura,35
15/12/2013,Mildura,33
15/01/2014,Mildura,33
15/02/2014,Mildura,41
15/03/2014,Mildura,59
15/04/2014,Mildura,24
15/05/2014,Mildura,39
15/06/2014,Mildura,30
15/07/2014,Mildura,28
15/08/2014,Mildura,28
15/09/2014,Mildura,46
15/10/2014,Mildura,35
15/11/2014,Mildura,50
15/12/2014,Mildura,52
15/01/2015,Mildura,41
15/02/2015,Mildura,54
15/03/2015,Mildura,35
15/04/2015,Mildura,31
15/05/2015,Mildura,30
15/06/2015,Mildura,22
15/07/2015,Mildura,28
15/08/2015,Mildura,17
15/09/2015,Mildura,35
15/10/2015,Mildura,46
15/11/2015,Mildura,46
15/12/2015,Mildura,30
15/01/2016,Mildura,48
15/02/2016,Mildura,41
15/03/2016,Mildura,35
15/04/2016,Mildura,19
15/05/2016,Mildura,35
15/06/2016,Mildura,28
15/07/2016,Mildura,20
15/08/2016,Mildura,26
15/09/2016,Mildura,43
15/10/2016,Mildura,61
15/11/2016,Mildura,30
15/12/2016,Mildura,48
15/01/2017,Mildura,30
15/02/2017,Mildura,41
15/03/2017,Mildura,39
15/04/2017,Mildura,24
15/05/2017,Mildura,24
15/06/2017,Mildura,15
15/03/2013,Nhil,41
15/04/2013,Nhil,44
15/05/2013,Nhil,65
15/06/2013,Nhil,35
15/07/2013,Nhil,19
15/08/2013,Nhil,35
15/09/2013,Nhil,43
15/10/2013,Nhil,48
15/11/2013,Nhil,43
15/12/2013,Nhil,37
15/01/2014,Nhil,50
15/02/2014,Nhil,56
15/03/2014,Nhil,67
15/04/2014,Nhil,28
15/05/2014,Nhil,44
15/06/2014,Nhil,37
15/07/2014,Nhil,35
15/08/2014,Nhil,30
15/09/2014,Nhil,41
15/10/2014,Nhil,46
15/11/2014,Nhil,33
15/12/2014,Nhil,43
15/01/2015,Nhil,41
15/02/2015,Nhil,56
15/03/2015,Nhil,44
15/04/2015,Nhil,50
15/05/2015,Nhil,35
15/06/2015,Nhil,39
15/07/2015,Nhil,26
15/08/2015,Nhil,22
15/09/2015,Nhil,41
15/10/2015,Nhil,46
15/11/2015,Nhil,39
15/12/2015,Nhil,43
15/01/2016,Nhil,48
15/02/2016,Nhil,57
15/03/2016,Nhil,30
15/04/2016,Nhil,43
15/05/2016,Nhil,44
15/06/2016,Nhil,26
15/07/2016,Nhil,28
15/08/2016,Nhil,30
15/09/2016,Nhil,44
15/10/2016,Nhil,56
15/11/2016,Nhil,35
15/12/2016,Nhil,41
15/01/2017,Nhil,33
15/02/2017,Nhil,57
15/03/2017,Nhil,44
15/04/2017,Nhil,26
15/05/2017,Nhil,20
15/06/2017,Nhil,26
15/01/2013,Portland,30
15/03/2013,Portland,31
15/04/2013,Portland,24
15/05/2013,Portland,72
15/06/2013,Portland,37
15/07/2013,Portland,24
15/08/2013,Portland,57
15/09/2013,Portland,35
15/10/2013,Portland,57
15/11/2013,Portland,28
15/12/2013,Portland,30
15/01/2014,Portland,28
15/02/2014,Portland,39
15/03/2014,Portland,69
15/04/2014,Portland,31
15/05/2014,Portland,41
15/06/2014,Portland,33
15/07/2014,Portland,39
15/08/2014,Portland,24
15/09/2014,Portland,50
15/10/2014,Portland,43
15/11/2014,Portland,35
15/12/2014,Portland,54
15/01/2015,Portland,41
15/02/2015,Portland,54
15/03/2015,Portland,46
15/04/2015,Portland,46
15/05/2015,Portland,26
15/06/2015,Portland,24
15/07/2015,Portland,46
15/08/2015,Portland,30
15/09/2015,Portland,43
15/10/2015,Portland,61
15/11/2015,Portland,33
15/12/2015,Portland,31
15/01/2016,Portland,37
15/02/2016,Portland,61
15/03/2016,Portland,48
15/04/2016,Portland,30
15/05/2016,Portland,54
15/06/2016,Portland,28
15/07/2016,Portland,37
15/08/2016,Portland,41
15/09/2016,Portland,39
15/10/2016,Portland,50
15/11/2016,Portland,41
15/12/2016,Portland,35
15/01/2017,Portland,30
15/02/2017,Portland,61
15/03/2017,Portland,50
15/04/2017,Portland,26
15/05/2017,Portland,22
15/06/2017,Portland,30
15/01/2013,Watsonia,35
15/03/2013,Watsonia,37
15/04/2013,Watsonia,30
15/05/2013,Watsonia,57
15/06/2013,Watsonia,30
15/07/2013,Watsonia,33
15/08/2013,Watsonia,39
15/09/2013,Watsonia,33
15/10/2013,Watsonia,41
15/11/2013,Watsonia,41
15/12/2013,Watsonia,31
15/01/2014,Watsonia,50
15/02/2014,Watsonia,30
15/03/2014,Watsonia,59
15/04/2014,Watsonia,30
15/05/2014,Watsonia,56
15/06/2014,Watsonia,35
15/07/2014,Watsonia,46
15/08/2014,Watsonia,20
15/09/2014,Watsonia,20
15/10/2014,Watsonia,33
15/11/2014,Watsonia,28
15/12/2014,Watsonia,24
15/01/2015,Watsonia,33
15/02/2015,Watsonia,46
15/03/2015,Watsonia,37
15/04/2015,Watsonia,43
15/05/2015,Watsonia,33
15/06/2015,Watsonia,19
15/07/2015,Watsonia,20
15/08/2015,Watsonia,17
15/09/2015,Watsonia,NA
15/10/2015,Watsonia,52
15/11/2015,Watsonia,35
15/12/2015,Watsonia,37
15/01/2016,Watsonia,39
15/02/2016,Watsonia,44
15/03/2016,Watsonia,33
15/04/2016,Watsonia,31
15/05/2016,Watsonia,43
15/06/2016,Watsonia,15
15/07/2016,Watsonia,24
15/08/2016,Watsonia,37
15/09/2016,Watsonia,NA
15/10/2016,Watsonia,67
15/11/2016,Watsonia,28
15/12/2016,Watsonia,39
15/01/2017,Watsonia,30
15/02/2017,Watsonia,46
15/03/2017,Watsonia,44
15/04/2017,Watsonia,20
15/05/2017,Watsonia,11
15/06/2017,Watsonia,22
15/01/2013,Dartmoor,41
15/03/2013,Dartmoor,30
15/04/2013,Dartmoor,30
15/05/2013,Dartmoor,63
15/06/2013,Dartmoor,26
15/07/2013,Dartmoor,22
15/08/2013,Dartmoor,39
15/09/2013,Dartmoor,43
15/10/2013,Dartmoor,48
15/11/2013,Dartmoor,31
15/12/2013,Dartmoor,28
15/01/2014,Dartmoor,26
15/02/2014,Dartmoor,39
15/03/2014,Dartmoor,61
15/04/2014,Dartmoor,26
15/05/2014,Dartmoor,35
15/06/2014,Dartmoor,30
15/07/2014,Dartmoor,37
15/08/2014,Dartmoor,20
15/09/2014,Dartmoor,43
15/10/2014,Dartmoor,26
15/11/2014,Dartmoor,37
15/12/2014,Dartmoor,33
15/01/2015,Dartmoor,41
15/02/2015,Dartmoor,46
15/03/2015,Dartmoor,43
15/04/2015,Dartmoor,33
15/05/2015,Dartmoor,24
15/06/2015,Dartmoor,19
15/07/2015,Dartmoor,31
15/08/2015,Dartmoor,15
15/09/2015,Dartmoor,41
15/10/2015,Dartmoor,50
15/11/2015,Dartmoor,37
15/12/2015,Dartmoor,35
15/01/2016,Dartmoor,44
15/02/2016,Dartmoor,44
15/03/2016,Dartmoor,46
15/04/2016,Dartmoor,30
15/05/2016,Dartmoor,41
15/06/2016,Dartmoor,22
15/07/2016,Dartmoor,26
15/08/2016,Dartmoor,43
15/09/2016,Dartmoor,39
15/10/2016,Dartmoor,52
15/11/2016,Dartmoor,30
15/12/2016,Dartmoor,33
15/01/2017,Dartmoor,30
15/02/2017,Dartmoor,56
15/03/2017,Dartmoor,52
15/04/2017,Dartmoor,15
15/05/2017,Dartmoor,24
15/06/2017,Dartmoor,19
15/01/2013,Brisbane,33
15/03/2013,Brisbane,19
15/04/2013,Brisbane,19
15/05/2013,Brisbane,20
15/06/2013,Brisbane,39
15/07/2013,Brisbane,22
15/08/2013,Brisbane,35
15/09/2013,Brisbane,24
15/10/2013,Brisbane,26
15/11/2013,Brisbane,24
15/12/2013,Brisbane,26
15/01/2014,Brisbane,31
15/02/2014,Brisbane,35
15/03/2014,Brisbane,24
15/04/2014,Brisbane,28
15/05/2014,Brisbane,31
15/06/2014,Brisbane,43
15/07/2014,Brisbane,22
15/08/2014,Brisbane,30
15/09/2014,Brisbane,24
15/10/2014,Brisbane,35
15/11/2014,Brisbane,30
15/12/2014,Brisbane,26
15/01/2015,Brisbane,37
15/02/2015,Brisbane,24
15/03/2015,Brisbane,37
15/04/2015,Brisbane,24
15/05/2015,Brisbane,20
15/06/2015,Brisbane,24
15/07/2015,Brisbane,11
15/08/2015,Brisbane,20
15/09/2015,Brisbane,24
15/10/2015,Brisbane,28
15/11/2015,Brisbane,41
15/12/2015,Brisbane,31
15/01/2016,Brisbane,39
15/02/2016,Brisbane,28
15/03/2016,Brisbane,30
15/04/2016,Brisbane,28
15/05/2016,Brisbane,19
15/06/2016,Brisbane,30
15/07/2016,Brisbane,24
15/08/2016,Brisbane,37
15/09/2016,Brisbane,30
15/10/2016,Brisbane,30
15/11/2016,Brisbane,30
15/12/2016,Brisbane,33
15/01/2017,Brisbane,35
15/02/2017,Brisbane,26
15/03/2017,Brisbane,20
15/04/2017,Brisbane,20
15/05/2017,Brisbane,30
15/06/2017,Brisbane,35
15/01/2013,Cairns,31
15/03/2013,Cairns,35
15/04/2013,Cairns,33
15/05/2013,Cairns,26
15/06/2013,Cairns,37
15/07/2013,Cairns,48
15/08/2013,Cairns,30
15/09/2013,Cairns,33
15/10/2013,Cairns,35
15/11/2013,Cairns,30
15/12/2013,Cairns,44
15/01/2014,Cairns,NA
15/02/2014,Cairns,30
15/03/2014,Cairns,35
15/04/2014,Cairns,31
15/05/2014,Cairns,48
15/06/2014,Cairns,35
15/07/2014,Cairns,43
15/08/2014,Cairns,33
15/09/2014,Cairns,43
15/10/2014,Cairns,37
15/11/2014,Cairns,33
15/12/2014,Cairns,30
15/01/2015,Cairns,28
15/02/2015,Cairns,61
15/03/2015,Cairns,56
15/04/2015,Cairns,50
15/05/2015,Cairns,56
15/06/2015,Cairns,56
15/07/2015,Cairns,30
15/08/2015,Cairns,43
15/09/2015,Cairns,41
15/10/2015,Cairns,50
15/11/2015,Cairns,39
15/12/2015,Cairns,35
15/01/2016,Cairns,31
15/02/2016,Cairns,28
15/03/2016,Cairns,37
15/04/2016,Cairns,46
15/05/2016,Cairns,50
15/06/2016,Cairns,52
15/07/2016,Cairns,41
15/08/2016,Cairns,48
15/09/2016,Cairns,26
15/10/2016,Cairns,33
15/11/2016,Cairns,48
15/12/2016,Cairns,35
15/01/2017,Cairns,31
15/02/2017,Cairns,41
15/03/2017,Cairns,30
15/04/2017,Cairns,52
15/05/2017,Cairns,39
15/06/2017,Cairns,37
15/01/2013,GoldCoast,57
15/03/2013,GoldCoast,52
15/04/2013,GoldCoast,31
15/05/2013,GoldCoast,22
15/06/2013,GoldCoast,41
15/07/2013,GoldCoast,33
15/08/2013,GoldCoast,67
15/09/2013,GoldCoast,37
15/10/2013,GoldCoast,33
15/11/2013,GoldCoast,41
15/12/2013,GoldCoast,24
15/01/2014,GoldCoast,35
15/02/2014,GoldCoast,50
15/03/2014,GoldCoast,31
15/04/2014,GoldCoast,54
15/05/2014,GoldCoast,52
15/06/2014,GoldCoast,37
15/07/2014,GoldCoast,39
15/08/2014,GoldCoast,50
15/09/2014,GoldCoast,43
15/10/2014,GoldCoast,41
15/11/2014,GoldCoast,39
15/12/2014,GoldCoast,43
15/01/2015,GoldCoast,48
15/02/2015,GoldCoast,NA
15/03/2015,GoldCoast,NA
15/04/2015,GoldCoast,26
15/05/2015,GoldCoast,59
15/06/2015,GoldCoast,56
15/07/2015,GoldCoast,19
15/08/2015,GoldCoast,44
15/09/2015,GoldCoast,NA
15/10/2015,GoldCoast,33
15/11/2015,GoldCoast,61
15/12/2015,GoldCoast,26
15/01/2016,GoldCoast,78
15/02/2016,GoldCoast,NA
15/03/2016,GoldCoast,NA
15/04/2016,GoldCoast,59
15/05/2016,GoldCoast,30
15/06/2016,GoldCoast,48
15/07/2016,GoldCoast,48
15/08/2016,GoldCoast,54
15/09/2016,GoldCoast,NA
15/10/2016,GoldCoast,33
15/11/2016,GoldCoast,52
15/12/2016,GoldCoast,41
15/01/2017,GoldCoast,48
15/02/2017,GoldCoast,37
15/03/2017,GoldCoast,46
15/04/2017,GoldCoast,28
15/05/2017,GoldCoast,30
15/06/2017,GoldCoast,50
15/01/2013,Townsville,39
15/03/2013,Townsville,39
15/04/2013,Townsville,30
15/05/2013,Townsville,24
15/06/2013,Townsville,39
15/07/2013,Townsville,46
15/08/2013,Townsville,26
15/09/2013,Townsville,35
15/10/2013,Townsville,39
15/11/2013,Townsville,37
15/12/2013,Townsville,43
15/01/2014,Townsville,57
15/02/2014,Townsville,31
15/03/2014,Townsville,31
15/04/2014,Townsville,31
15/05/2014,Townsville,44
15/06/2014,Townsville,41
15/07/2014,Townsville,43
15/08/2014,Townsville,39
15/09/2014,Townsville,43
15/10/2014,Townsville,41
15/11/2014,Townsville,33
15/12/2014,Townsville,39
15/01/2015,Townsville,37
15/02/2015,Townsville,52
15/03/2015,Townsville,41
15/04/2015,Townsville,52
15/05/2015,Townsville,41
15/06/2015,Townsville,46
15/07/2015,Townsville,33
15/08/2015,Townsville,41
15/09/2015,Townsville,44
15/10/2015,Townsville,44
15/11/2015,Townsville,44
15/12/2015,Townsville,39
15/01/2016,Townsville,35
15/02/2016,Townsville,28
15/03/2016,Townsville,44
15/04/2016,Townsville,59
15/05/2016,Townsville,37
15/06/2016,Townsville,46
15/07/2016,Townsville,43
15/08/2016,Townsville,44
15/09/2016,Townsville,35
15/10/2016,Townsville,50
15/11/2016,Townsville,46
15/12/2016,Townsville,41
15/01/2017,Townsville,33
15/02/2017,Townsville,37
15/03/2017,Townsville,33
15/04/2017,Townsville,48
15/05/2017,Townsville,33
15/06/2017,Townsville,35
15/01/2013,Adelaide,35
15/03/2013,Adelaide,30
15/04/2013,Adelaide,35
15/05/2013,Adelaide,39
15/06/2013,Adelaide,20
15/07/2013,Adelaide,30
15/08/2013,Adelaide,41
15/09/2013,Adelaide,63
15/10/2013,Adelaide,39
15/11/2013,Adelaide,39
15/12/2013,Adelaide,37
15/01/2014,Adelaide,41
15/02/2014,Adelaide,39
15/03/2014,Adelaide,61
15/04/2014,Adelaide,28
15/05/2014,Adelaide,44
15/06/2014,Adelaide,30
15/07/2014,Adelaide,37
15/08/2014,Adelaide,48
15/09/2014,Adelaide,57
15/10/2014,Adelaide,31
15/11/2014,Adelaide,39
15/12/2014,Adelaide,31
15/01/2015,Adelaide,35
15/02/2015,Adelaide,48
15/03/2015,Adelaide,28
15/04/2015,Adelaide,NA
15/05/2015,Adelaide,20
15/06/2015,Adelaide,24
15/07/2015,Adelaide,39
15/08/2015,Adelaide,15
15/09/2015,Adelaide,26
15/10/2015,Adelaide,39
15/11/2015,Adelaide,28
15/12/2015,Adelaide,35
15/01/2016,Adelaide,35
15/02/2016,Adelaide,33
15/03/2016,Adelaide,24
15/04/2016,Adelaide,26
15/05/2016,Adelaide,20
15/06/2016,Adelaide,30
15/07/2016,Adelaide,22
15/08/2016,Adelaide,26
15/09/2016,Adelaide,31
15/10/2016,Adelaide,54
15/11/2016,Adelaide,28
15/12/2016,Adelaide,31
15/01/2017,Adelaide,28
15/02/2017,Adelaide,37
15/03/2017,Adelaide,NA
15/04/2017,Adelaide,20
15/05/2017,Adelaide,20
15/06/2017,Adelaide,17
15/01/2013,MountGambier,48
15/03/2013,MountGambier,33
15/04/2013,MountGambier,28
15/05/2013,MountGambier,69
15/06/2013,MountGambier,NA
15/07/2013,MountGambier,28
15/08/2013,MountGambier,46
15/09/2013,MountGambier,39
15/10/2013,MountGambier,52
15/11/2013,MountGambier,37
15/12/2013,MountGambier,31
15/01/2014,MountGambier,30
15/02/2014,MountGambier,46
15/03/2014,MountGambier,63
15/04/2014,MountGambier,31
15/05/2014,MountGambier,41
15/06/2014,MountGambier,31
15/07/2014,MountGambier,44
15/08/2014,MountGambier,24
15/09/2014,MountGambier,50
15/10/2014,MountGambier,41
15/11/2014,MountGambier,NA
15/12/2014,MountGambier,43
15/01/2015,MountGambier,46
15/02/2015,MountGambier,57
15/03/2015,MountGambier,44
15/04/2015,MountGambier,39
15/05/2015,MountGambier,30
15/06/2015,MountGambier,22
15/07/2015,MountGambier,48
15/08/2015,MountGambier,22
15/09/2015,MountGambier,37
15/10/2015,MountGambier,57
15/11/2015,MountGambier,44
15/12/2015,MountGambier,35
15/01/2016,MountGambier,52
15/02/2016,MountGambier,54
15/03/2016,MountGambier,50
15/04/2016,MountGambier,31
15/05/2016,MountGambier,50
15/06/2016,MountGambier,31
15/07/2016,MountGambier,30
15/08/2016,MountGambier,43
15/09/2016,MountGambier,43
15/10/2016,MountGambier,57
15/11/2016,MountGambier,35
15/12/2016,MountGambier,48
15/01/2017,MountGambier,33
15/02/2017,MountGambier,59
15/03/2017,MountGambier,65
15/04/2017,MountGambier,19
15/05/2017,MountGambier,28
15/06/2017,MountGambier,26
15/01/2013,Nuriootpa,33
15/03/2013,Nuriootpa,31
15/04/2013,Nuriootpa,35
15/05/2013,Nuriootpa,39
15/06/2013,Nuriootpa,NA
15/07/2013,Nuriootpa,31
15/08/2013,Nuriootpa,31
15/09/2013,Nuriootpa,56
15/10/2013,Nuriootpa,48
15/11/2013,Nuriootpa,50
15/12/2013,Nuriootpa,41
15/01/2014,Nuriootpa,41
15/02/2014,Nuriootpa,46
15/03/2014,Nuriootpa,69
15/04/2014,Nuriootpa,35
15/05/2014,Nuriootpa,43
15/06/2014,Nuriootpa,33
15/07/2014,Nuriootpa,39
15/08/2014,Nuriootpa,33
15/09/2014,Nuriootpa,56
15/10/2014,Nuriootpa,33
15/11/2014,Nuriootpa,46
15/12/2014,Nuriootpa,37
15/01/2015,Nuriootpa,35
15/02/2015,Nuriootpa,57
15/03/2015,Nuriootpa,39
15/04/2015,Nuriootpa,35
15/05/2015,Nuriootpa,31
15/06/2015,Nuriootpa,31
15/07/2015,Nuriootpa,46
15/08/2015,Nuriootpa,20
15/09/2015,Nuriootpa,33
15/10/2015,Nuriootpa,44
15/11/2015,Nuriootpa,41
15/12/2015,Nuriootpa,41
15/01/2016,Nuriootpa,44
15/02/2016,Nuriootpa,46
15/03/2016,Nuriootpa,46
15/04/2016,Nuriootpa,35
15/05/2016,Nuriootpa,44
15/06/2016,Nuriootpa,35
15/07/2016,Nuriootpa,28
15/08/2016,Nuriootpa,28
15/09/2016,Nuriootpa,NA
15/10/2016,Nuriootpa,48
15/11/2016,Nuriootpa,26
15/12/2016,Nuriootpa,50
15/01/2017,Nuriootpa,31
15/02/2017,Nuriootpa,59
15/03/2017,Nuriootpa,43
15/04/2017,Nuriootpa,30
15/05/2017,Nuriootpa,20
15/06/2017,Nuriootpa,15
15/01/2013,Woomera,33
15/03/2013,Woomera,41
15/04/2013,Woomera,41
15/05/2013,Woomera,28
15/06/2013,Woomera,35
15/07/2013,Woomera,31
15/08/2013,Woomera,44
15/09/2013,Woomera,65
15/10/2013,Woomera,39
15/11/2013,Woomera,52
15/12/2013,Woomera,41
15/01/2014,Woomera,57
15/02/2014,Woomera,59
15/03/2014,Woomera,54
15/04/2014,Woomera,30
15/05/2014,Woomera,30
15/06/2014,Woomera,31
15/07/2014,Woomera,57
15/08/2014,Woomera,41
15/09/2014,Woomera,59
15/10/2014,Woomera,37
15/11/2014,Woomera,70
15/12/2014,Woomera,41
15/01/2015,Woomera,39
15/02/2015,Woomera,63
15/03/2015,Woomera,33
15/04/2015,Woomera,39
15/05/2015,Woomera,35
15/06/2015,Woomera,19
15/07/2015,Woomera,50
15/08/2015,Woomera,26
15/09/2015,Woomera,54
15/10/2015,Woomera,50
15/11/2015,Woomera,41
15/12/2015,Woomera,65
15/01/2016,Woomera,59
15/02/2016,Woomera,46
15/03/2016,Woomera,37
15/04/2016,Woomera,39
15/05/2016,Woomera,24
15/06/2016,Woomera,43
15/07/2016,Woomera,17
15/08/2016,Woomera,46
15/09/2016,Woomera,31
15/10/2016,Woomera,72
15/11/2016,Woomera,43
15/12/2016,Woomera,46
15/01/2017,Woomera,46
15/02/2017,Woomera,41
15/03/2017,Woomera,46
15/04/2017,Woomera,30
15/05/2017,Woomera,44
15/06/2017,Woomera,19
15/01/2013,Albany,NA
15/03/2013,Albany,NA
15/04/2013,Albany,NA
15/05/2013,Albany,NA
15/06/2013,Albany,NA
15/07/2013,Albany,NA
15/08/2013,Albany,NA
15/09/2013,Albany,NA
15/10/2013,Albany,NA
15/11/2013,Albany,NA
15/12/2013,Albany,NA
15/01/2014,Albany,NA
15/02/2014,Albany,NA
15/03/2014,Albany,NA
15/04/2014,Albany,NA
15/05/2014,Albany,NA
15/06/2014,Albany,NA
15/07/2014,Albany,NA
15/08/2014,Albany,NA
15/09/2014,Albany,NA
15/10/2014,Albany,NA
15/11/2014,Albany,NA
15/12/2014,Albany,NA
15/01/2015,Albany,NA
15/02/2015,Albany,NA
15/03/2015,Albany,NA
15/04/2015,Albany,NA
15/05/2015,Albany,NA
15/06/2015,Albany,NA
15/07/2015,Albany,NA
15/08/2015,Albany,NA
15/09/2015,Albany,NA
15/10/2015,Albany,NA
15/11/2015,Albany,NA
15/12/2015,Albany,NA
15/01/2016,Albany,NA
15/02/2016,Albany,NA
15/03/2016,Albany,NA
15/04/2016,Albany,NA
15/05/2016,Albany,NA
15/06/2016,Albany,NA
15/07/2016,Albany,NA
15/08/2016,Albany,NA
15/09/2016,Albany,NA
15/10/2016,Albany,NA
15/11/2016,Albany,NA
15/12/2016,Albany,NA
15/01/2017,Albany,NA
15/02/2017,Albany,NA
15/03/2017,Albany,NA
15/04/2017,Albany,NA
15/05/2017,Albany,NA
15/06/2017,Albany,NA
15/01/2013,Witchcliffe,48
15/03/2013,Witchcliffe,48
15/04/2013,Witchcliffe,19
15/05/2013,Witchcliffe,26
15/06/2013,Witchcliffe,15
15/07/2013,Witchcliffe,48
15/08/2013,Witchcliffe,72
15/09/2013,Witchcliffe,43
15/10/2013,Witchcliffe,50
15/11/2013,Witchcliffe,37
15/12/2013,Witchcliffe,46
15/01/2014,Witchcliffe,57
15/02/2014,Witchcliffe,35
15/03/2014,Witchcliffe,35
15/04/2014,Witchcliffe,35
15/05/2014,Witchcliffe,35
15/06/2014,Witchcliffe,28
15/07/2014,Witchcliffe,54
15/08/2014,Witchcliffe,28
15/09/2014,Witchcliffe,31
15/10/2014,Witchcliffe,44
15/11/2014,Witchcliffe,31
15/12/2014,Witchcliffe,46
15/01/2015,Witchcliffe,46
15/02/2015,Witchcliffe,48
15/03/2015,Witchcliffe,39
15/04/2015,Witchcliffe,33
15/05/2015,Witchcliffe,57
15/06/2015,Witchcliffe,31
15/07/2015,Witchcliffe,30
15/08/2015,Witchcliffe,19
15/09/2015,Witchcliffe,NA
15/10/2015,Witchcliffe,37
15/11/2015,Witchcliffe,31
15/12/2015,Witchcliffe,33
15/01/2016,Witchcliffe,37
15/02/2016,Witchcliffe,46
15/03/2016,Witchcliffe,33
15/04/2016,Witchcliffe,33
15/05/2016,Witchcliffe,56
15/06/2016,Witchcliffe,26
15/07/2016,Witchcliffe,61
15/08/2016,Witchcliffe,46
15/09/2016,Witchcliffe,52
15/10/2016,Witchcliffe,57
15/11/2016,Witchcliffe,54
15/12/2016,Witchcliffe,41
15/01/2017,Witchcliffe,39
15/02/2017,Witchcliffe,46
15/03/2017,Witchcliffe,59
15/04/2017,Witchcliffe,46
15/05/2017,Witchcliffe,69
15/06/2017,Witchcliffe,22
15/01/2013,PearceRAAF,44
15/03/2013,PearceRAAF,50
15/04/2013,PearceRAAF,26
15/05/2013,PearceRAAF,31
15/06/2013,PearceRAAF,NA
15/07/2013,PearceRAAF,48
15/08/2013,PearceRAAF,61
15/09/2013,PearceRAAF,50
15/10/2013,PearceRAAF,37
15/11/2013,PearceRAAF,70
15/12/2013,PearceRAAF,39
15/01/2014,PearceRAAF,50
15/02/2014,PearceRAAF,41
15/03/2014,PearceRAAF,41
15/04/2014,PearceRAAF,37
15/05/2014,PearceRAAF,24
15/06/2014,PearceRAAF,28
15/07/2014,PearceRAAF,41
15/08/2014,PearceRAAF,28
15/09/2014,PearceRAAF,31
15/10/2014,PearceRAAF,35
15/11/2014,PearceRAAF,NA
15/12/2014,PearceRAAF,48
15/01/2015,PearceRAAF,46
15/02/2015,PearceRAAF,52
15/03/2015,PearceRAAF,48
15/04/2015,PearceRAAF,41
15/05/2015,PearceRAAF,65
15/06/2015,PearceRAAF,39
15/07/2015,PearceRAAF,39
15/08/2015,PearceRAAF,33
15/09/2015,PearceRAAF,NA
15/10/2015,PearceRAAF,35
15/11/2015,PearceRAAF,37
15/12/2015,PearceRAAF,35
15/01/2016,PearceRAAF,48
15/02/2016,PearceRAAF,65
15/03/2016,PearceRAAF,41
15/04/2016,PearceRAAF,44
15/05/2016,PearceRAAF,46
15/06/2016,PearceRAAF,22
15/07/2016,PearceRAAF,44
15/08/2016,PearceRAAF,50
15/09/2016,PearceRAAF,NA
15/10/2016,PearceRAAF,69
15/11/2016,PearceRAAF,48
15/12/2016,PearceRAAF,43
15/01/2017,PearceRAAF,44
15/02/2017,PearceRAAF,30
15/03/2017,PearceRAAF,37
15/04/2017,PearceRAAF,39
15/05/2017,PearceRAAF,72
15/06/2017,PearceRAAF,28
15/01/2013,PerthAirport,39
15/03/2013,PerthAirport,56
15/04/2013,PerthAirport,28
15/05/2013,PerthAirport,30
15/06/2013,PerthAirport,37
15/07/2013,PerthAirport,48
15/08/2013,PerthAirport,81
15/09/2013,PerthAirport,52
15/10/2013,PerthAirport,35
15/11/2013,PerthAirport,61
15/12/2013,PerthAirport,35
15/01/2014,PerthAirport,48
15/02/2014,PerthAirport,35
15/03/2014,PerthAirport,41
15/04/2014,PerthAirport,37
15/05/2014,PerthAirport,22
15/06/2014,PerthAirport,26
15/07/2014,PerthAirport,46
15/08/2014,PerthAirport,33
15/09/2014,PerthAirport,33
15/10/2014,PerthAirport,48
15/11/2014,PerthAirport,50
15/12/2014,PerthAirport,50
15/01/2015,PerthAirport,43
15/02/2015,PerthAirport,48
15/03/2015,PerthAirport,48
15/04/2015,PerthAirport,41
15/05/2015,PerthAirport,48
15/06/2015,PerthAirport,46
15/07/2015,PerthAirport,44
15/08/2015,PerthAirport,37
15/09/2015,PerthAirport,37
15/10/2015,PerthAirport,37
15/11/2015,PerthAirport,37
15/12/2015,PerthAirport,37
15/01/2016,PerthAirport,56
15/02/2016,PerthAirport,NA
15/03/2016,PerthAirport,39
15/04/2016,PerthAirport,44
15/05/2016,PerthAirport,50
15/06/2016,PerthAirport,24
15/07/2016,PerthAirport,37
15/08/2016,PerthAirport,50
15/09/2016,PerthAirport,57
15/10/2016,PerthAirport,65
15/11/2016,PerthAirport,43
15/12/2016,PerthAirport,44
15/01/2017,PerthAirport,39
15/02/2017,PerthAirport,39
15/03/2017,PerthAirport,43
15/04/2017,PerthAirport,50
15/05/2017,PerthAirport,76
15/06/2017,PerthAirport,24
15/01/2013,Perth,31
15/03/2013,Perth,31
15/04/2013,Perth,22
15/05/2013,Perth,24
15/06/2013,Perth,26
15/07/2013,Perth,39
15/08/2013,Perth,59
15/09/2013,Perth,41
15/10/2013,Perth,31
15/11/2013,Perth,39
15/12/2013,Perth,31
15/01/2014,Perth,41
15/02/2014,Perth,28
15/03/2014,Perth,35
15/04/2014,Perth,31
15/05/2014,Perth,20
15/06/2014,Perth,20
15/07/2014,Perth,39
15/08/2014,Perth,26
15/09/2014,Perth,30
15/10/2014,Perth,31
15/11/2014,Perth,35
15/12/2014,Perth,43
15/01/2015,Perth,43
15/02/2015,Perth,33
15/03/2015,Perth,35
15/04/2015,Perth,28
15/05/2015,Perth,43
15/06/2015,Perth,26
15/07/2015,Perth,35
15/08/2015,Perth,26
15/09/2015,Perth,30
15/10/2015,Perth,30
15/11/2015,Perth,35
15/12/2015,Perth,35
15/01/2016,Perth,33
15/02/2016,Perth,43
15/03/2016,Perth,26
15/04/2016,Perth,31
15/05/2016,Perth,39
15/06/2016,Perth,19
15/07/2016,Perth,31
15/08/2016,Perth,41
15/09/2016,Perth,41
15/10/2016,Perth,54
15/11/2016,Perth,39
15/12/2016,Perth,37
15/01/2017,Perth,39
15/02/2017,Perth,22
15/03/2017,Perth,35
15/04/2017,Perth,31
15/05/2017,Perth,54
15/06/2017,Perth,NA
15/01/2013,SalmonGums,48
15/03/2013,SalmonGums,33
15/04/2013,SalmonGums,19
15/05/2013,SalmonGums,17
15/06/2013,SalmonGums,17
15/07/2013,SalmonGums,37
15/08/2013,SalmonGums,57
15/09/2013,SalmonGums,26
15/10/2013,SalmonGums,52
15/11/2013,SalmonGums,44
15/12/2013,SalmonGums,39
15/01/2014,SalmonGums,37
15/02/2014,SalmonGums,28
15/03/2014,SalmonGums,39
15/04/2014,SalmonGums,50
15/05/2014,SalmonGums,31
15/06/2014,SalmonGums,22
15/07/2014,SalmonGums,48
15/08/2014,SalmonGums,28
15/09/2014,SalmonGums,33
15/10/2014,SalmonGums,46
15/11/2014,SalmonGums,26
15/12/2014,SalmonGums,54
15/01/2015,SalmonGums,44
15/02/2015,SalmonGums,39
15/03/2015,SalmonGums,54
15/04/2015,SalmonGums,37
15/05/2015,SalmonGums,46
15/06/2015,SalmonGums,20
15/07/2015,SalmonGums,26
15/08/2015,SalmonGums,31
15/09/2015,SalmonGums,35
15/10/2015,SalmonGums,39
15/11/2015,SalmonGums,50
15/12/2015,SalmonGums,43
15/01/2016,SalmonGums,39
15/02/2016,SalmonGums,41
15/03/2016,SalmonGums,35
15/04/2016,SalmonGums,33
15/05/2016,SalmonGums,50
15/06/2016,SalmonGums,22
15/07/2016,SalmonGums,37
15/08/2016,SalmonGums,39
15/09/2016,SalmonGums,41
15/10/2016,SalmonGums,67
15/11/2016,SalmonGums,67
15/12/2016,SalmonGums,30
15/01/2017,SalmonGums,37
15/02/2017,SalmonGums,33
15/03/2017,SalmonGums,56
15/04/2017,SalmonGums,33
15/05/2017,SalmonGums,61
15/06/2017,SalmonGums,20
15/01/2013,Walpole,35
15/03/2013,Walpole,41
15/04/2013,Walpole,24
15/05/2013,Walpole,20
15/06/2013,Walpole,26
15/07/2013,Walpole,57
15/08/2013,Walpole,69
15/09/2013,Walpole,46
15/10/2013,Walpole,67
15/11/2013,Walpole,44
15/12/2013,Walpole,33
15/01/2014,Walpole,59
15/02/2014,Walpole,35
15/03/2014,Walpole,41
15/04/2014,Walpole,52
15/05/2014,Walpole,35
15/06/2014,Walpole,43
15/07/2014,Walpole,67
15/08/2014,Walpole,26
15/09/2014,Walpole,24
15/10/2014,Walpole,48
15/11/2014,Walpole,33
15/12/2014,Walpole,57
15/01/2015,Walpole,31
15/02/2015,Walpole,37
15/03/2015,Walpole,54
15/04/2015,Walpole,20
15/05/2015,Walpole,54
15/06/2015,Walpole,33
15/07/2015,Walpole,41
15/08/2015,Walpole,17
15/09/2015,Walpole,NA
15/10/2015,Walpole,56
15/11/2015,Walpole,39
15/12/2015,Walpole,30
15/01/2016,Walpole,41
15/02/2016,Walpole,46
15/03/2016,Walpole,61
15/04/2016,Walpole,33
15/05/2016,Walpole,72
15/06/2016,Walpole,31
15/07/2016,Walpole,63
15/08/2016,Walpole,44
15/09/2016,Walpole,61
15/10/2016,Walpole,74
15/11/2016,Walpole,NA
15/12/2016,Walpole,39
15/01/2017,Walpole,33
15/02/2017,Walpole,35
15/03/2017,Walpole,70
15/04/2017,Walpole,30
15/05/2017,Walpole,59
15/06/2017,Walpole,19
15/01/2013,Hobart,48
15/03/2013,Hobart,44
15/04/2013,Hobart,28
15/05/2013,Hobart,35
15/06/2013,Hobart,56
15/07/2013,Hobart,31
15/08/2013,Hobart,59
15/09/2013,Hobart,30
15/10/2013,Hobart,67
15/11/2013,Hobart,43
15/12/2013,Hobart,57
15/01/2014,Hobart,37
15/02/2014,Hobart,43
15/03/2014,Hobart,76
15/04/2014,Hobart,22
15/05/2014,Hobart,72
15/06/2014,Hobart,20
15/07/2014,Hobart,33
15/08/2014,Hobart,30
15/09/2014,Hobart,31
15/10/2014,Hobart,50
15/11/2014,Hobart,44
15/12/2014,Hobart,52
15/01/2015,Hobart,56
15/02/2015,Hobart,50
15/03/2015,Hobart,37
15/04/2015,Hobart,NA
15/05/2015,Hobart,41
15/06/2015,Hobart,20
15/07/2015,Hobart,43
15/08/2015,Hobart,33
15/09/2015,Hobart,50
15/10/2015,Hobart,67
15/11/2015,Hobart,35
15/12/2015,Hobart,39
15/01/2016,Hobart,46
15/02/2016,Hobart,94
15/03/2016,Hobart,35
15/04/2016,Hobart,46
15/05/2016,Hobart,83
15/06/2016,Hobart,33
15/07/2016,Hobart,78
15/08/2016,Hobart,52
15/09/2016,Hobart,61
15/10/2016,Hobart,80
15/11/2016,Hobart,69
15/12/2016,Hobart,35
15/01/2017,Hobart,57
15/02/2017,Hobart,69
15/03/2017,Hobart,52
15/04/2017,Hobart,35
15/05/2017,Hobart,20
15/06/2017,Hobart,NA
15/01/2013,Launceston,44
15/03/2013,Launceston,33
15/04/2013,Launceston,19
15/05/2013,Launceston,26
15/06/2013,Launceston,54
15/07/2013,Launceston,24
15/08/2013,Launceston,33
15/09/2013,Launceston,13
15/10/2013,Launceston,52
15/11/2013,Launceston,31
15/12/2013,Launceston,28
15/01/2014,Launceston,35
15/02/2014,Launceston,33
15/03/2014,Launceston,44
15/04/2014,Launceston,28
15/05/2014,Launceston,41
15/06/2014,Launceston,24
15/07/2014,Launceston,26
15/08/2014,Launceston,26
15/09/2014,Launceston,24
15/10/2014,Launceston,37
15/11/2014,Launceston,30
15/12/2014,Launceston,37
15/01/2015,Launceston,39
15/02/2015,Launceston,33
15/03/2015,Launceston,35
15/04/2015,Launceston,31
15/05/2015,Launceston,19
15/06/2015,Launceston,13
15/07/2015,Launceston,39
15/08/2015,Launceston,33
15/09/2015,Launceston,35
15/10/2015,Launceston,46
15/11/2015,Launceston,33
15/12/2015,Launceston,37
15/01/2016,Launceston,43
15/02/2016,Launceston,NA
15/03/2016,Launceston,43
15/04/2016,Launceston,41
15/05/2016,Launceston,70
15/06/2016,Launceston,20
15/07/2016,Launceston,37
15/08/2016,Launceston,39
15/09/2016,Launceston,24
15/10/2016,Launceston,52
15/11/2016,Launceston,37
15/12/2016,Launceston,33
15/01/2017,Launceston,37
15/02/2017,Launceston,41
15/03/2017,Launceston,41
15/04/2017,Launceston,19
15/05/2017,Launceston,28
15/06/2017,Launceston,26
15/01/2013,AliceSprings,39
15/03/2013,AliceSprings,31
15/04/2013,AliceSprings,31
15/05/2013,AliceSprings,19
15/06/2013,AliceSprings,35
15/07/2013,AliceSprings,33
15/08/2013,AliceSprings,54
15/09/2013,AliceSprings,70
15/10/2013,AliceSprings,41
15/11/2013,AliceSprings,72
15/12/2013,AliceSprings,46
15/01/2014,AliceSprings,54
15/02/2014,AliceSprings,52
15/03/2014,AliceSprings,63
15/04/2014,AliceSprings,43
15/05/2014,AliceSprings,37
15/06/2014,AliceSprings,41
15/07/2014,AliceSprings,43
15/08/2014,AliceSprings,41
15/09/2014,AliceSprings,26
15/10/2014,AliceSprings,35
15/11/2014,AliceSprings,46
15/12/2014,AliceSprings,52
15/01/2015,AliceSprings,39
15/02/2015,AliceSprings,43
15/03/2015,AliceSprings,37
15/04/2015,AliceSprings,35
15/05/2015,AliceSprings,50
15/06/2015,AliceSprings,31
15/07/2015,AliceSprings,35
15/08/2015,AliceSprings,37
15/09/2015,AliceSprings,37
15/10/2015,AliceSprings,37
15/11/2015,AliceSprings,46
15/12/2015,AliceSprings,57
15/01/2016,AliceSprings,44
15/02/2016,AliceSprings,37
15/03/2016,AliceSprings,54
15/04/2016,AliceSprings,30
15/05/2016,AliceSprings,26
15/06/2016,AliceSprings,30
15/07/2016,AliceSprings,41
15/08/2016,AliceSprings,37
15/09/2016,AliceSprings,28
15/10/2016,AliceSprings,37
15/11/2016,AliceSprings,43
15/12/2016,AliceSprings,33
15/01/2017,AliceSprings,33
15/02/2017,AliceSprings,44
15/03/2017,AliceSprings,41
15/04/2017,AliceSprings,30
15/05/2017,AliceSprings,30
15/06/2017,AliceSprings,31
15/01/2013,Darwin,48
15/03/2013,Darwin,52
15/04/2013,Darwin,26
15/05/2013,Darwin,33
15/06/2013,Darwin,46
15/07/2013,Darwin,56
15/08/2013,Darwin,31
15/09/2013,Darwin,31
15/10/2013,Darwin,43
15/11/2013,Darwin,44
15/12/2013,Darwin,41
15/01/2014,Darwin,80
15/02/2014,Darwin,39
15/03/2014,Darwin,37
15/04/2014,Darwin,33
15/05/2014,Darwin,37
15/06/2014,Darwin,50
15/07/2014,Darwin,33
15/08/2014,Darwin,56
15/09/2014,Darwin,33
15/10/2014,Darwin,56
15/11/2014,Darwin,52
15/12/2014,Darwin,41
15/01/2015,Darwin,39
15/02/2015,Darwin,46
15/03/2015,Darwin,52
15/04/2015,Darwin,31
15/05/2015,Darwin,50
15/06/2015,Darwin,33
15/07/2015,Darwin,41
15/08/2015,Darwin,44
15/09/2015,Darwin,35
15/10/2015,Darwin,41
15/11/2015,Darwin,50
15/12/2015,Darwin,30
15/01/2016,Darwin,30
15/02/2016,Darwin,70
15/03/2016,Darwin,70
15/04/2016,Darwin,28
15/05/2016,Darwin,44
15/06/2016,Darwin,48
15/07/2016,Darwin,52
15/08/2016,Darwin,52
15/09/2016,Darwin,31
15/10/2016,Darwin,39
15/11/2016,Darwin,43
15/12/2016,Darwin,57
15/01/2017,Darwin,31
15/02/2017,Darwin,41
15/03/2017,Darwin,35
15/04/2017,Darwin,22
15/05/2017,Darwin,33
15/06/2017,Darwin,41
15/03/2013,Katherine,74
15/04/2013,Katherine,30
15/05/2013,Katherine,33
15/06/2013,Katherine,41
15/07/2013,Katherine,48
15/08/2013,Katherine,26
15/09/2013,Katherine,28
15/10/2013,Katherine,48
15/11/2013,Katherine,48
15/12/2013,Katherine,57
15/01/2014,Katherine,56
15/02/2014,Katherine,41
15/03/2014,Katherine,30
15/04/2014,Katherine,33
15/05/2014,Katherine,44
15/06/2014,Katherine,46
15/07/2014,Katherine,26
15/08/2014,Katherine,31
15/09/2014,Katherine,35
15/10/2014,Katherine,35
15/11/2014,Katherine,35
15/12/2014,Katherine,28
15/01/2015,Katherine,24
15/02/2015,Katherine,50
15/03/2015,Katherine,56
15/04/2015,Katherine,35
15/05/2015,Katherine,39
15/06/2015,Katherine,26
15/07/2015,Katherine,33
15/08/2015,Katherine,43
15/09/2015,Katherine,31
15/10/2015,Katherine,48
15/11/2015,Katherine,35
15/12/2015,Katherine,39
15/01/2016,Katherine,33
15/02/2016,Katherine,35
15/03/2016,Katherine,31
15/04/2016,Katherine,35
15/05/2016,Katherine,37
15/06/2016,Katherine,41
15/07/2016,Katherine,41
15/08/2016,Katherine,46
15/09/2016,Katherine,28
15/10/2016,Katherine,43
15/11/2016,Katherine,44
15/12/2016,Katherine,50
15/01/2017,Katherine,30
15/02/2017,Katherine,39
15/03/2017,Katherine,30
15/04/2017,Katherine,33
15/05/2017,Katherine,39
15/06/2017,Katherine,41
15/03/2013,Uluru,35
15/04/2013,Uluru,30
15/05/2013,Uluru,30
15/06/2013,Uluru,33
15/07/2013,Uluru,39
15/08/2013,Uluru,48
15/09/2013,Uluru,69
15/10/2013,Uluru,30
15/11/2013,Uluru,70
15/12/2013,Uluru,46
15/01/2014,Uluru,56
15/02/2014,Uluru,41
15/03/2014,Uluru,NA
15/04/2014,Uluru,35
15/05/2014,Uluru,50
15/06/2014,Uluru,35
15/07/2014,Uluru,37
15/08/2014,Uluru,39
15/09/2014,Uluru,30
15/10/2014,Uluru,41
15/11/2014,Uluru,37
15/12/2014,Uluru,87
15/01/2015,Uluru,44
15/02/2015,Uluru,48
15/03/2015,Uluru,39
15/04/2015,Uluru,33
15/05/2015,Uluru,54
15/06/2015,Uluru,26
15/07/2015,Uluru,39
15/08/2015,Uluru,41
15/09/2015,Uluru,48
15/10/2015,Uluru,39
15/11/2015,Uluru,44
15/12/2015,Uluru,33
15/01/2016,Uluru,52
15/02/2016,Uluru,41
15/03/2016,Uluru,39
15/04/2016,Uluru,31
15/05/2016,Uluru,22
15/06/2016,Uluru,NA
15/07/2016,Uluru,48
15/08/2016,Uluru,39
15/09/2016,Uluru,28
15/10/2016,Uluru,52
15/11/2016,Uluru,43
15/12/2016,Uluru,43
15/01/2017,Uluru,44
15/02/2017,Uluru,28
15/03/2017,Uluru,43
15/04/2017,Uluru,31
15/05/2017,Uluru,39
15/06/2017,Uluru,19
